year,average_house_value
2001,289882.8857142857
2006,424059.6642857143
2011,530424.7214285714
2016,664068.3285714285
